<?xml version="1.0" encoding="UTF-8"?>
<databaseChangeLog xmlns="http://www.liquibase.org/xml/ns/dbchangelog"
                   xmlns:ext="http://www.liquibase.org/xml/ns/dbchangelog-ext"
                   xmlns:xsi="http://www.w3.org/2001/XMLSchema-instance"
                   xsi:schemaLocation="http://www.liquibase.org/xml/ns/dbchangelog-ext http://www.liquibase.org/xml/ns/dbchangelog/dbchangelog-ext.xsd http://www.liquibase.org/xml/ns/dbchangelog http://www.liquibase.org/xml/ns/dbchangelog/dbchangelog-3.5.xsd">
   <changeSet author="basis (generated)" id="1592398679635-1">
       <addColumn tableName="tipo_equipe" >
           <column name="user_id"
                   type="BIGINT"/>
       </addColumn>
   </changeSet>
   <changeSet author="basis (generated)" id="1592398679635-2">
       <addColumn tableName="fator_ajuste" >
           <column name="ordem"
                   type="BIGINT"/>
       </addColumn>
   </changeSet>
   <changeSet author="basis (generated)" id="1592398679635-3">
       <addForeignKeyConstraint  baseColumnNames="user_id"
                                 baseTableName="tipo_equipe"
                                 constraintName="tipo_equipe_jhi_user_fk"
                                 deferrable="true"
                                 onDelete="CASCADE"
                                 onUpdate="RESTRICT"
                                 referencedColumnNames="id"
                                 referencedTableName="jhi_user"
                                 />
   </changeSet>
</databaseChangeLog>
