<?xml version="1.0" encoding="UTF-8"?>
<databaseChangeLog xmlns="http://www.liquibase.org/xml/ns/dbchangelog"
                   xmlns:ext="http://www.liquibase.org/xml/ns/dbchangelog-ext"
                   xmlns:xsi="http://www.w3.org/2001/XMLSchema-instance"
                   xsi:schemaLocation="http://www.liquibase.org/xml/ns/dbchangelog-ext http://www.liquibase.org/xml/ns/dbchangelog/dbchangelog-ext.xsd http://www.liquibase.org/xml/ns/dbchangelog http://www.liquibase.org/xml/ns/dbchangelog/dbchangelog-3.5.xsd">
   <changeSet author="basis (generated)" id="1600167450071-1">
       <createTable tableName="nomenclatura">
           <column name="id" type="BIGINT">
               <constraints primaryKey="true" nullable="false"/>
           </column>
           <column name="nome" type="VARCHAR(255)" />
           <column name="descricao" type="VARCHAR(255)"/>
       </createTable>
   </changeSet>
   <changeSet author="basis (generated)" id="1600167450071-2">
       <addColumn tableName="tipo_equipe" >
           <column name="preposto" type="VARCHAR(255)"/>
           <column name="email_preposto" type="VARCHAR(100)"/>
       </addColumn>
   </changeSet>
   <changeSet author="basis (generated)" id="1600167450071-3">
       <addColumn tableName="status_analise" >
           <column name="divergencia" type="BOOLEAN"/>
       </addColumn>
   </changeSet>
</databaseChangeLog>
