<?xml version="1.0" encoding="UTF-8"?>
<databaseChangeLog xmlns="http://www.liquibase.org/xml/ns/dbchangelog"
                   xmlns:ext="http://www.liquibase.org/xml/ns/dbchangelog-ext"
                   xmlns:xsi="http://www.w3.org/2001/XMLSchema-instance"
                   xsi:schemaLocation="http://www.liquibase.org/xml/ns/dbchangelog-ext http://www.liquibase.org/xml/ns/dbchangelog/dbchangelog-ext.xsd http://www.liquibase.org/xml/ns/dbchangelog http://www.liquibase.org/xml/ns/dbchangelog/dbchangelog-3.5.xsd">
   <changeSet author="basis (generated)" id="1603142201404-1">
       <addColumn tableName="funcao_dados" >
           <column name="status_funcao" type="VARCHAR(255)"/>
       </addColumn>
   </changeSet>
   <changeSet author="basis (generated)" id="1603142201404-2">
       <addColumn tableName="funcao_transacao" >
           <column name="status_funcao" type="VARCHAR(255)"/>
       </addColumn>
   </changeSet>
</databaseChangeLog>
