<?xml version="1.0" encoding="UTF-8"?>
<databaseChangeLog xmlns="http://www.liquibase.org/xml/ns/dbchangelog"
                   xmlns:ext="http://www.liquibase.org/xml/ns/dbchangelog-ext"
                   xmlns:xsi="http://www.w3.org/2001/XMLSchema-instance"
                   xsi:schemaLocation="http://www.liquibase.org/xml/ns/dbchangelog-ext http://www.liquibase.org/xml/ns/dbchangelog/dbchangelog-ext.xsd http://www.liquibase.org/xml/ns/dbchangelog http://www.liquibase.org/xml/ns/dbchangelog/dbchangelog-3.5.xsd">
   <changeSet author="basis (generated)" id="1600907571881-1">
       <addColumn tableName="analise" >
           <column name="is_divergence" type="BOOLEAN"/>
           <column name="analise_divergence_id" type="BIGINT"/>
       </addColumn>
   </changeSet>
   <changeSet author="basis (generated)" id="1600907571881-2">
       <addForeignKeyConstraint baseColumnNames="analise_divergence_id"
                                baseTableName="analise"
                                constraintName="FK_analise_divergence_id"
                                deferrable="false"
                                initiallyDeferred="false"
                                referencedColumnNames="id"
                                referencedTableName="analise"/>
   </changeSet>
</databaseChangeLog>
