<?xml version="1.0" encoding="UTF-8"?>
<databaseChangeLog xmlns="http://www.liquibase.org/xml/ns/dbchangelog"
                   xmlns:ext="http://www.liquibase.org/xml/ns/dbchangelog-ext"
                   xmlns:xsi="http://www.w3.org/2001/XMLSchema-instance"
                   xsi:schemaLocation="http://www.liquibase.org/xml/ns/dbchangelog-ext http://www.liquibase.org/xml/ns/dbchangelog/dbchangelog-ext.xsd http://www.liquibase.org/xml/ns/dbchangelog http://www.liquibase.org/xml/ns/dbchangelog/dbchangelog-3.5.xsd">
    <changeSet author="basis (generated)" id="1610625148300-1">
        <createTable tableName="config_baseline_sistema_tp_equipe">
            <column name="id" type="BIGINT">
                <constraints nullable="false"/>
            </column>
            <column name="sistema_id" type="BIGINT">
                <constraints nullable="true"/>
            </column>
            <column name="tipo_equipe_id" type="BIGINT">
                <constraints nullable="true"/>
            </column>
        </createTable>
    </changeSet>
     <changeSet author="basis (generated)" id="1610625148300-2">
      <addPrimaryKey columnNames="id"
                     constraintName="pk_config_baseline_sistema_tp_equipe"
                     tableName="config_baseline_sistema_tp_equipe"/>
  	</changeSet>
    <changeSet author="basis (generated)" id="1610625148300-3">
      <addForeignKeyConstraint baseColumnNames="sistema_id"
                               baseTableName="config_baseline_sistema_tp_equipe"
                               constraintName="fk_config_baseline_sistema_tp_equipe_sistema_id"
                               deferrable="false"
                               initiallyDeferred="false"
                               referencedColumnNames="id"
                               referencedTableName="sistema"/>
   </changeSet>
   <changeSet author="basis (generated)" id="1610625148300-4">
      <addForeignKeyConstraint baseColumnNames="tipo_equipe_id"
                               baseTableName="config_baseline_sistema_tp_equipe"
                               constraintName="fk_config_baseline_sistema_tp_equipe_tipo_equipe_id"
                               deferrable="false"
                               initiallyDeferred="false"
                               referencedColumnNames="id"
                               referencedTableName="tipo_equipe"/>
   </changeSet>
</databaseChangeLog>
