<?xml version="1.0" encoding="UTF-8"?>
<databaseChangeLog xmlns="http://www.liquibase.org/xml/ns/dbchangelog"
                   xmlns:ext="http://www.liquibase.org/xml/ns/dbchangelog-ext"
                   xmlns:xsi="http://www.w3.org/2001/XMLSchema-instance"
                   xsi:schemaLocation="http://www.liquibase.org/xml/ns/dbchangelog-ext http://www.liquibase.org/xml/ns/dbchangelog/dbchangelog-ext.xsd http://www.liquibase.org/xml/ns/dbchangelog http://www.liquibase.org/xml/ns/dbchangelog/dbchangelog-3.5.xsd">
   <changeSet author="basis (generated)" id="1626800236344-18">
      <addColumn tableName="analise">
         <column name="scope_creep" type="int8"/>
      </addColumn>
   </changeSet>
   <changeSet author="basis (generated)" id="1626800236344-19">
      <addColumn tableName="analise">
         <column name="valor_criticidade" type="int8"/>
      </addColumn>
   </changeSet>
    <changeSet author="basis (generated)" id="1626193190590-18">
        <addColumn tableName="analise">
            <column name="fator_criticidade" type="boolean"/>
        </addColumn>
    </changeSet>
</databaseChangeLog>
