<?xml version="1.0" encoding="UTF-8"?>
<databaseChangeLog xmlns="http://www.liquibase.org/xml/ns/dbchangelog"
                   xmlns:ext="http://www.liquibase.org/xml/ns/dbchangelog-ext"
                   xmlns:xsi="http://www.w3.org/2001/XMLSchema-instance"
                   xsi:schemaLocation="http://www.liquibase.org/xml/ns/dbchangelog-ext http://www.liquibase.org/xml/ns/dbchangelog/dbchangelog-ext.xsd http://www.liquibase.org/xml/ns/dbchangelog http://www.liquibase.org/xml/ns/dbchangelog/dbchangelog-3.5.xsd">
   <changeSet author="basis (generated)" id="1620751537745-17">
      <addColumn tableName="analise">
         <column name="analise_clonada_equipe_id" type="int8"/>
      </addColumn>
   </changeSet>
   <changeSet author="basis (generated)" id="1620751537745-18">
      <addColumn tableName="analise">
         <column name="analise_clonou" type="boolean"/>
      </addColumn>
   </changeSet>
   <changeSet author="basis (generated)" id="1620751537745-41">
      <addForeignKeyConstraint baseColumnNames="analise_clonada_equipe_id"
                               baseTableName="analise"
                               constraintName="FKqeuhkap6l80cebckl7mtwcg7i"
                               deferrable="false"
                               initiallyDeferred="false"
                               referencedColumnNames="id"
                               referencedTableName="analise"/>

       <loadData encoding="UTF-8"
                 file="config/liquibase/acoes20210511.csv"
                 separator=";"
                 tableName="acao"/>
       <loadData encoding="UTF-8"
                 file="config/liquibase/permissoes20210511.csv"
                 separator=";"
                 tableName="permissao"/>
       <loadData encoding="UTF-8"
                 file="config/liquibase/perfis_permissoes20210511.csv"
                 separator=";"
                 tableName="perfil_permissao"/>
   </changeSet>
</databaseChangeLog>
